pseudo,grille,dateCreation
jelain,"4,5,2,1,8",2024-09-27T19:11:58.522Z
jelain2,"6,9,2,3,7",2024-09-27T19:13:07.328Z
jelain3,"3,4,2,1,8",2024-09-27T19:22:15.065Z
jelain5,"3,4,2,1,9",2024-09-27T19:28:06.854Z
jelain30,"1,2,3,4,6",2024-09-27T19:29:45.413Z
JelainJ,"7,9,2,8,8",2024-09-28T08:55:08.480Z
Jelain12,"5,5,0,5,8",2024-09-28T08:58:00.829Z
ie0'e,"6,4,0,7,9",2024-09-28T09:23:26.368Z
kurangu,"48,48,40,11,28",2024-09-28T09:43:26.365Z
rtf,"10,18,26,32,40",2024-09-28T10:10:32.116Z
nenfuifoe,"9,18,28,49,8",2024-09-29T17:39:54.222Z
